frequency,peak_power,interference_type
1449.080237694725,-40.74335355806902,Смешанные
2601.4286128198323,-22.904952631082093,Смешанные
2163.98788362281,-6.352708206179585,Смешанные
1897.3169683940732,-13.388755679521942,Смешанные
1012.0372808848731,-9.671942606927516,Смешанные
1011.9890406724053,-17.060831664464132,Смешанные
816.1672243363989,-15.386171774107375,Импульсные
2432.3522915498706,-7.5402174217340345,Смешанные
1902.2300234864176,-37.516599557040706,Смешанные
2116.145155592091,-25.528751817842977,Смешанные
741.168988591605,-38.93952790901989,Смешанные
2639.819704323989,-0.6165996001676533,Смешанные
2364.8852816008434,-2.797033015669335,Смешанные
1124.6782213565523,-48.0286594315747,Смешанные
1063.6499344142012,-14.72124137421558,Смешанные
1066.8090197068677,-3.7375841292167067,Смешанные
1308.4844859190755,-40.97123274363332,Смешанные
1749.5128632644758,-21.602738472368525,Смешанные
1563.8900372842315,-4.225585120597906,Смешанные
1282.4582803960839,-48.30270107071006,Смешанные
1923.705789444759,-15.128986637658002,Смешанные
978.9877213040836,-35.13254963137246,Смешанные
1284.2892970704363,-3.780190231173478,Смешанные
1432.7236865873833,-1.4470877417316146,Смешанные
1612.1399684340718,-2.786675544328304,Смешанные
2270.351922786027,-26.28928916712681,Смешанные
1099.3475643167194,-6.897867450534328,Смешанные
1728.4688768272233,-7.772530073246479,Смешанные
1884.8291377240848,-34.04497633783722,Смешанные
792.9008254399954,-8.554226292466133,Импульсные
1915.0897038028768,-48.14961826422537,Широкополосные
1041.048247374583,-20.18650607589735,Смешанные
830.103185970559,-38.49955813561485,Смешанные
2597.7710745066665,-43.97165571113606,Широкополосные
2631.2640661491187,-46.15233991853954,Широкополосные
2316.7946962329224,-15.185561206093013,Смешанные
1309.2275383467413,-33.0062518115967,Смешанные
895.3442280127678,-13.761661423561925,Импульсные
2068.4660530243136,-46.73218296005288,Широкополосные
1580.3049874792027,-34.23548310846948,Смешанные
944.0764696895576,-23.025435381233137,Смешанные
1690.3538202225404,-10.46384175805182,Смешанные
768.7770422304368,-34.062374853396506,Смешанные
2518.640804157564,-18.705431178149546,Смешанные
1217.559963200034,-5.701112588190647,Смешанные
2025.044568707964,-19.20684059088477,Смешанные
1323.4221521788218,-38.35202626231831,Смешанные
1740.1360423556216,-48.779960922173096,Смешанные
1793.4205586865594,-6.495056304953508,Смешанные
1069.7089110510542,-48.936529457480646,Смешанные
2639.1692555291174,-6.264916365790029,Смешанные
2250.265646722229,-23.5531432986394,Смешанные
2578.997883128378,-3.046615074355188,Смешанные
2489.654700855298,-10.060838211316728,Смешанные
1895.7999576221703,-0.10329447333312913,Смешанные
2543.7484700462337,-32.46440922741449,Смешанные
876.985004103839,-11.640585553443657,Импульсные
1091.9657248382905,-29.903454319537893,Смешанные
790.4545778210761,-26.00621898480456,Смешанные
1350.6606615265287,-18.624726839081497,Смешанные
1477.354579378964,-6.316144290683063,Смешанные
1242.6980635477917,-0.7958265400352431,Смешанные
2357.4750183038586,-11.58632930677409,Смешанные
1413.5066533871786,-29.111660891633313,Смешанные
1261.8690193747616,-28.93214988614649,Смешанные
1785.392166316497,-13.120884920555426,Смешанные
981.8484499495253,-38.061142711584885,Смешанные
2304.3939615080794,-44.47629434343027,Широкополосные
849.1012873595416,-32.26889211796117,Смешанные
2673.773873201035,-35.638050417295915,Смешанные
2244.489538593315,-35.18459397720049,Смешанные
1097.4313630683448,-38.319612447504504,Смешанные
711.0442342472048,-47.895340518181904,Смешанные
2330.9228569096686,-49.10630326332931,Широкополосные
2113.7146876952343,-0.6138805131984242,Смешанные
2158.0143360819748,-28.611343313206884,Смешанные
2242.5406933718914,-30.783667642015917,Смешанные
848.0893034681808,-16.017635865346506,Импульсные
1416.9314570885454,-39.087305606746796,Смешанные
931.7381190502595,-2.5019408024887326,Импульсные
2426.206851751187,-10.6827492792224,Смешанные
1946.5962536551158,-45.52944988438703,Широкополосные
1361.7960497052984,-29.12096121075358,Смешанные
827.1167005720473,-6.044084621891763,Импульсные
1321.9646434313245,-2.7633988854294884,Смешанные
1350.366644053494,-26.629924437506514,Смешанные
2159.2123566761284,-19.329430539464614,Смешанные
1975.1149427104262,-41.64830269539624,Широкополосные
2474.425485152653,-0.44156869315117575,Смешанные
1644.4298503238986,-38.41641493082783,Смешанные
939.1884918766034,-2.863411293243715,Импульсные
2126.48957444599,-17.517667550381574,Смешанные
2221.570097233795,-19.613160256057043,Смешанные
1822.5543951389925,-24.36557444917457,Смешанные
2241.9343599091217,-38.46650941411207,Смешанные
1687.5911927287816,-41.17359839972458,Смешанные
1745.4656587639881,-38.97568954649123,Смешанные
1555.0820367170993,-40.67808689278728,Смешанные
750.8382534881904,-11.020776321662332,Импульсные
915.7828539866089,-32.49373704166349,Смешанные
762.8583713734685,-47.10786617183018,Смешанные
1972.8208225275607,-1.5448684929594307,Смешанные
1328.7119621526533,-5.8107057518287135,Смешанные
1717.1413823294056,-3.612385840239355,Смешанные
2515.132947852186,-0.2546088676782361,Смешанные
1198.58445829775,-41.30523753902563,Смешанные
1520.7658460712596,-30.187899054867064,Смешанные
2211.1022770860973,-12.088076214795436,Смешанные
1157.596330983245,-15.198969097310389,Смешанные
853.959819657586,-42.30520468300725,Смешанные
1279.502905827536,-9.208343750469112,Смешанные
1022.4425745080089,-38.77797140816696,Смешанные
2559.395304685146,-38.80911925886885,Смешанные
2316.240759128834,-23.15127885532932,Смешанные
1966.807513020847,-20.353003257914843,Смешанные
2442.921180375435,-20.99568960810944,Смешанные
2307.344153798229,-45.425658130112254,Широкополосные
1073.1401177720718,-6.126956868480981,Смешанные
2485.1179969799555,-36.7199978705647,Смешанные
1778.6844838313013,-43.52425393585979,Смешанные
2314.8803103281252,-5.562596006551139,Смешанные
2492.1825998469867,-2.2174250885123286,Смешанные
1336.0069499437277,-6.893619136727466,Смешанные
920.1038490553535,-9.524196263756096,Импульсные
1155.8703250838835,-17.237900968048912,Смешанные
1554.2155772525125,-22.457131469543036,Смешанные
2336.029531844986,-45.65066200442949,Широкополосные
2421.4611665126868,-29.577339346465063,Смешанные
713.9042610623814,-31.3655741493843,Смешанные
1721.4946051551315,-37.01231081198369,Смешанные
1534.822006297558,-13.828994315570753,Смешанные
1144.2156209414604,-25.20621324606146,Смешанные
939.7307346673656,-45.9476892046176,Смешанные
1375.230342807256,-38.990839902509435,Смешанные
2585.819407825038,-15.837061817020206,Смешанные
1346.4058640415105,-46.19345702548499,Смешанные
1737.581243486732,-7.439654297561567,Смешанные
2106.037917790356,-25.242673649301285,Смешанные
1427.259204758588,-25.9706711336676,Смешанные
2643.5641654419214,-20.37961076702412,Смешанные
2624.8945898842226,-8.765951703742545,Смешанные
1203.5645916507283,-32.609539604890344,Смешанные
1694.4970117847708,-16.099192372046822,Смешанные
1301.7566196335392,-21.71340180021045,Смешанные
1269.6809887549352,-36.64858649152893,Смешанные
773.7738947090656,-6.068500682242103,Импульсные
1919.1286679597938,-10.128698919653594,Смешанные
1705.358046457723,-17.077408267078724,Смешанные
802.9575024999787,-7.470913545287907,Импульсные
1257.292928473223,-6.6352899520098845,Смешанные
2516.5317719333075,-14.581851164248263,Смешанные
1179.1237813339449,-8.1493335818164,Смешанные
989.7897441824462,-15.12642691653582,Импульсные
1678.905520555126,-15.992961411984979,Смешанные
2671.300908221201,-19.069431089240783,Смешанные
1184.110543023001,-12.364168022117937,Смешанные
2044.2710948117572,-42.06974473534632,Широкополосные
2223.239230657435,-5.95646204005358,Смешанные
1175.2750879847993,-6.407823612738397,Смешанные
2156.432697223719,-48.537635848272046,Широкополосные
1435.5662654385064,-8.709162471761864,Смешанные
1964.611661187159,-43.55650662632774,Широкополосные
1967.0594215217893,-33.24405728704291,Смешанные
1771.549368149517,-12.82458718541961,Смешанные
880.5795401088167,-41.96200519758459,Смешанные
2370.6049911784758,-9.101648794046888,Смешанные
1341.5601299434716,-8.393291102112904,Смешанные
1073.0370207997084,-24.626613311958188,Смешанные
781.5502831095279,-49.68070641415832,Смешанные
1881.7858863764836,-35.64809334125436,Смешанные
2055.1287236845646,-19.15365408121289,Смешанные
733.1756578557123,-0.9406910986288253,Импульсные
1724.186116598562,-18.40932364916658,Смешанные
1152.991550395876,-37.00982094679201,Смешанные
1990.3455808188996,-18.299714845019434,Смешанные
1048.732858009983,-23.000731014207226,Смешанные
2081.875476204932,-11.007730242442818,Смешанные
1473.470692601075,-44.65096805865208,Смешанные
2573.459977473469,-11.9486048748986,Смешанные
975.0418882919864,-22.936671066194485,Смешанные
1382.132702100517,-1.850399807050266,Смешанные
926.9470424811782,-32.9063916980657,Смешанные
2549.3872365571256,-18.368905343302593,Смешанные
2454.678706761962,-3.3985947244991266,Смешанные
1215.8832554303112,-44.87451360046604,Смешанные
2019.9680920683581,-3.138575638177443,Смешанные
2334.4444004024317,-15.605713884959336,Смешанные
1810.4016231989247,-46.60814704474141,Широкополосные
1759.301156712013,-34.95182165265919,Смешанные
1183.7045818009033,-14.591395567735923,Смешанные
886.2055356117984,-46.63246992656141,Смешанные
2494.4315159066537,-20.891476991186337,Смешанные
2500.836114326661,-32.70584715235216,Смешанные
1966.2029145465358,-18.954224111626143,Смешанные
1378.0595820974013,-47.71289830937436,Смешанные
1398.4191492253217,-6.423159692381184,Смешанные
2151.9113577404787,-1.325551541130153,Смешанные
2494.220519905154,-1.556107235715423,Смешанные
2474.1728485302347,-12.517408412853761,Смешанные
2259.7510917152476,-43.4956879934684,Широкополосные
1984.0632923085755,-12.086840203548874,Смешанные
868.2799299900977,-48.770654177059924,Смешанные
1023.2574281892275,-48.893822423550134,Смешанные
2497.108377054158,-33.81948904252294,Смешанные
1912.8581193191799,-25.567840479766712,Смешанные
718.3941032332593,-11.479629109610343,Импульсные
902.9430857320642,-15.835231169674742,Импульсные
2027.0035382161116,-27.704864681162583,Смешанные
710.1231676924374,-36.31866668591671,Смешанные
1021.6161028349973,-0.14377499211444444,Смешанные
1797.4675787331723,-28.69093488820135,Смешанные
2083.7903953853865,-27.430648783516226,Смешанные
2003.9225190052011,-41.818808940416545,Широкополосные
1148.5386189211195,-10.259522562503534,Смешанные
2124.358442695072,-15.31588871092557,Смешанные
1174.4981749936,-38.96151936056198,Смешанные
1350.7993963185354,-45.88094771920787,Смешанные
2192.982810236048,-15.975034896264347,Смешанные
1999.2657980944293,-17.274439285943238,Смешанные
2398.446820988356,-36.337023650089534,Смешанные
2015.2257846006867,-2.456821887479485,Смешанные
1836.6172066709432,-42.44710541095499,Широкополосные
887.3495356561849,-28.383259947869906,Смешанные
1435.431606118867,-2.819203991620057,Смешанные
1230.404735363451,-29.013634153693886,Смешанные
1187.9792867581673,-18.07370261679572,Смешанные
2646.0211095048912,-30.120280101860285,Смешанные
1486.1954493335209,-36.2892398825665,Смешанные
2484.0931103542266,-0.8011176020085884,Смешанные
1962.2772519945258,-29.53329968424785,Смешанные
2289.6226070832968,-5.295039816043278,Смешанные
1705.2741862103842,-38.50226970544569,Смешанные
1853.8077692527181,-39.344764798745835,Смешанные
1685.0353876377278,-48.44329585577443,Смешанные
1090.485975596089,-17.41665873120575,Смешанные
2144.9042305230105,-31.573682813811942,Смешанные
1261.5447248817115,-6.782087508018151,Смешанные
748.6319328629077,-26.33950466542214,Смешанные
1990.9445918143356,-1.5903286042639166,Смешанные
1054.2213588140978,-40.72372421484394,Смешанные
2580.9171687058288,-6.568841602219457,Смешанные
2607.857154005175,-11.170157360412915,Смешанные
2529.728780440897,-11.453907767797403,Смешанные
1440.3174005108888,-7.760838594155615,Смешанные
730.9132330577348,-11.948800452850058,Импульсные
2556.637125175451,-18.68898391842923,Смешанные
1556.3682966346287,-43.43775611588062,Смешанные
2633.3096380873394,-48.3736910254374,Широкополосные
2627.2399541785057,-3.957607609215657,Смешанные
2406.01891093472,-19.167484273963098,Смешанные
1288.8977841391713,-10.173135451191186,Смешанные
1470.1954572038505,-25.923882424372497,Смешанные
2402.273343033714,-44.13459055188028,Широкополосные
1333.8440103125554,-43.740710389872476,Смешанные
1038.985493372185,-15.72173563855143,Смешанные
1813.6025249167003,-28.484705255026867,Смешанные
2572.309548321562,-39.97376366498317,Смешанные
2092.059593349946,-25.420272662928156,Смешанные
1840.12234017873,-46.78955314624329,Широкополосные
894.352987541537,-20.90142990428006,Смешанные
1930.0144533983396,-36.550329778245114,Смешанные
2680.1077002085267,-10.122044968140592,Смешанные
980.168030473048,-34.481902053821315,Смешанные
1736.6593047274735,-27.23899254590994,Смешанные
2454.746143855911,-49.41897300459497,Широкополосные
2181.537235508409,-46.37765561027206,Широкополосные
2094.031481990536,-30.37532217966576,Смешанные
2104.9681679742184,-26.003058264143824,Смешанные
1418.9823024395105,-19.998972594034814,Смешанные
1287.1836885289867,-35.41687106453484,Смешанные
2318.7223109570273,-15.25090569367287,Смешанные
2320.226789358361,-6.993880140539773,Смешанные
2434.1446371602074,-11.007450555332511,Смешанные
2526.4811051129427,-48.019058732582145,Широкополосные
1722.6847977218756,-25.97465263710855,Смешанные
1703.0325893743993,-44.753491079091255,Смешанные
2296.5903579335504,-37.89774920687363,Смешанные
1999.9278615555304,-0.666870336642674,Смешанные
2103.9337545154067,-42.87522285492434,Широкополосные
2291.585338872202,-25.055592327432198,Смешанные
2480.0106836351324,-19.092213284094044,Смешанные
1375.9903137030715,-14.876751472794801,Смешанные
1451.1659052798882,-22.017565825654295,Смешанные
887.963879681738,-49.51145762904082,Смешанные
1856.5602819923479,-33.6769345878004,Смешанные
771.8845475934842,-24.114417830764427,Смешанные
1631.1960362649202,-45.60667504275833,Смешанные
1785.2892694151533,-32.46865343954096,Смешанные
1273.0825042565689,-48.33984456043167,Смешанные
1881.6665211380216,-46.071075142248965,Широкополосные
761.0004998780988,-30.153836189920195,Смешанные
774.6963774984288,-43.36421229784698,Смешанные
2345.2011213193164,-21.62295758692209,Смешанные
1420.381282822526,-15.526751543136712,Смешанные
954.1210253037696,-9.970665044545854,Импульсные
1744.4865201096088,-39.992487787759494,Смешанные
2239.9871061972217,-41.62587088704651,Широкополосные
1131.6420549936863,-44.771607983279985,Смешанные
1945.7809516380005,-18.178487522818166,Смешанные
870.6949299875359,-14.676213675654942,Импульсные
803.3634423372154,-48.4206927587179,Смешанные
1762.709263136296,-3.189387687815511,Смешанные
1781.270243220213,-47.40143581742638,Смешанные
1974.859802996413,-22.93518323494648,Смешанные
2152.182667445323,-14.546974027454176,Смешанные
2651.7041589250694,-6.451543812695718,Смешанные
1732.6006966023906,-14.295653393378608,Смешанные
1345.9129458824918,-9.913595846510411,Смешанные
2290.3723895374073,-33.027490372859695,Смешанные
1241.6645025241485,-9.258744312674388,Смешанные
1577.9428414112722,-45.99425768076624,Смешанные
856.9127626845319,-5.259167196973621,Импульсные
750.701486830915,-22.62038119231319,Смешанные
2625.29682935585,-9.135111501875315,Смешанные
2371.9602410244115,-27.384085774084994,Смешанные
2091.9484121873957,-17.821115240173754,Смешанные
1517.90588882854,-23.679866953194338,Смешанные
1046.5886401416915,-13.420523912233406,Смешанные
1012.8740853421721,-45.91850089847052,Смешанные
1200.4857963291906,-46.98239580047181,Смешанные
1798.453329412241,-37.644838299492676,Смешанные
2129.1918454001247,-42.02276599434058,Широкополосные
2020.3947534354625,-6.410821670389915,Смешанные
1259.8677938918856,-39.039300632097785,Смешанные
2609.730561326388,-1.2067372090434318,Смешанные
2175.793833391537,-33.155210411444656,Смешанные
1808.7081050228014,-40.89410421556504,Широкополосные
1923.4414924687044,-10.515074642876044,Смешанные
1539.2001248555798,-17.064611224956195,Смешанные
1195.4619790023148,-25.09021417734305,Смешанные
1411.945357302523,-22.23182245311844,Смешанные
2215.692220928738,-14.039911086386809,Смешанные
728.7869772595118,-38.577262933435065,Смешанные
932.1452810138325,-0.18330419716290436,Импульсные
792.0052840435055,-1.260341892660847,Импульсные
781.4576046379402,-17.483715682653155,Импульсные
2410.921168022014,-40.02287745354275,Широкополосные
2107.3157187600473,-15.988587878435432,Смешанные
1648.3476581746504,-46.39007955104121,Смешанные
895.6683213020029,-48.467374889709696,Смешанные
1683.2317502336646,-37.115855574439315,Смешанные
1646.9435415611315,-26.868852163034184,Смешанные
1046.4037398200303,-6.5863747295809745,Смешанные
1567.7032984759462,-13.641546511684602,Смешанные
1497.009468794747,-12.864673940000948,Смешанные
1931.700196104433,-28.72533327759623,Смешанные
1970.1873017352875,-32.70325037265185,Смешанные
790.6080195440891,-31.448061850769864,Смешанные
1449.2252292529424,-0.6175218131971079,Смешанные
1951.7198314284728,-47.994540429375874,Широкополосные
1706.2725171601755,-6.648425193877571,Смешанные
2412.9796823766446,-21.06622957138033,Смешанные
2017.38726323789,-28.069229040520476,Смешанные
1025.8688541628594,-13.737116979243176,Смешанные
841.1374948008597,-25.666552928764858,Смешанные
1984.8385564126313,-6.328838095916971,Смешанные
753.0226210832436,-4.964906799437074,Импульсные
1871.5511625469267,-28.91395365632723,Смешанные
2580.460482849915,-36.158610138247425,Смешанные
1850.9483557517578,-20.38248357033189,Смешанные
1476.339852413044,-4.381832719165452,Смешанные
1986.5764368847063,-39.46689054971667,Смешанные
1616.5057809830332,-18.851670821825863,Смешанные
1791.23357863187,-18.421988995373972,Смешанные
2582.9296175530503,-13.344348879235952,Смешанные
1472.2052756015485,-43.42161574363701,Смешанные
2622.381127647828,-14.20875176589557,Смешанные
2510.7012839121276,-4.5483739667179535,Смешанные
1091.5822695785928,-41.015844556487906,Смешанные
838.7226017503309,-38.12283375380612,Смешанные
901.5560027548534,-1.4302452979180202,Импульсные
736.4436513030995,-40.95115236452551,Смешанные
888.8859215118568,-7.280745331521047,Импульсные
2066.0135468327135,-25.386107177598262,Смешанные
842.377296920458,-37.63844627984115,Смешанные
1337.9512605875225,-6.46250493637443,Смешанные
2389.750621938909,-27.734737249866726,Смешанные
746.5438714716518,-24.25913230351549,Смешанные
2328.9369651778716,-32.03833153001172,Смешанные
1263.7095495467997,-20.35245742825363,Смешанные
936.3296552433126,-41.82380637074886,Смешанные
2093.4743307283015,-30.445923167411966,Смешанные
1957.885693559768,-1.5293838832356244,Смешанные
2454.944027054106,-37.09332836494362,Смешанные
2170.142087607772,-17.16316677293539,Смешанные
2306.961860769697,-33.740496788765256,Смешанные
1264.069145142613,-11.326343715669971,Смешанные
1054.8790875594457,-43.45631696408251,Смешанные
2201.2295032817165,-1.5089477460727636,Смешанные
2313.669478534528,-27.31052293081804,Смешанные
2681.010284001347,-38.1974768326768,Смешанные
1525.235353822853,-46.32516263349937,Смешанные
1444.0361715855663,-41.51210474562296,Смешанные
2252.8259214839936,-24.011302572199117,Смешанные
1381.6070805060358,-33.149841178435686,Смешанные
2561.5146512071296,-8.55583170586953,Смешанные
2416.8255036860237,-28.455623816909704,Смешанные
1557.9880547500366,-37.564286370618504,Смешанные
2201.7421355829947,-19.1427506697985,Смешанные
2209.0857481693647,-14.66113915572771,Смешанные
906.2477376718653,-41.64790460495251,Смешанные
2505.105813359133,-41.619039185584114,Широкополосные
1710.5047448957143,-48.16642865332285,Смешанные
2352.9149322154835,-13.179899246717973,Смешанные
1340.0992020612234,-16.809773618909745,Смешанные
2491.0464569924006,-26.268456212509307,Смешанные
1478.4033574683262,-7.79147755154014,Смешанные
721.6753029605967,-9.71649235249734,Импульсные
2510.763952838527,-20.732281780162392,Смешанные
882.5733535722671,-6.586435974337071,Импульсные
1338.6272751808297,-39.707939498161586,Смешанные
2600.12393410161,-44.4040190301136,Широкополосные
2601.214293875112,-36.51251942415052,Смешанные
1846.8757762465723,-47.145657195534255,Широкополосные
1963.6744243395985,-23.4415235999484,Смешанные
1596.8910439566396,-3.1697153852519264,Смешанные
1286.421543396129,-48.032822966574514,Смешанные
1357.3290907398318,-43.894504299498664,Смешанные
2045.0369121540768,-27.390048585828236,Смешанные
2204.74905887536,-3.3062491236047578,Смешанные
2283.158087451697,-34.192194751162475,Смешанные
2279.236285589108,-24.638259565580377,Смешанные
882.4122060973807,-47.9213570474804,Смешанные
1688.840609405163,-42.58283995189556,Смешанные
815.1175200332885,-0.668493852057658,Импульсные
1799.057764647471,-1.7440651781977223,Смешанные
1583.0610027467542,-49.75300095327952,Смешанные
2475.4083655165996,-2.409410728838054,Смешанные
1401.8300251041574,-18.04400310922498,Смешанные
934.1340328552117,-6.604085273998891,Импульсные
985.9833641056717,-27.263007218307045,Смешанные
2223.0212634349446,-24.22019857103749,Смешанные
1936.436126632522,-25.55767098715399,Смешанные
902.2453522455805,-16.65678712269478,Импульсные
868.2136122299949,-43.01743726218436,Смешанные
2101.93826291824,-48.5013205063661,Широкополосные
845.5260127283871,-34.603502920440455,Смешанные
2343.7201185807126,-14.765961863167668,Смешанные
2112.4844543129925,-39.90732739385258,Смешанные
862.6975612837996,-16.32837833375413,Импульсные
869.6754281703838,-1.5043976946364808,Импульсные
2673.279157002351,-45.30496421052908,Широкополосные
1448.5415915122408,-16.369894088743685,Смешанные
1441.2842941337817,-27.812489034771442,Смешанные
2325.599134515005,-6.592887281124732,Смешанные
2594.4971547677173,-41.142510527630705,Широкополосные
2672.002127645742,-15.368702388691773,Смешанные
2206.756370517883,-8.094235517594491,Смешанные
1452.5191710618315,-2.7692890262988357,Смешанные
867.0014333973376,-15.83759858551771,Импульсные
2254.2938318548736,-25.141261799578636,Смешанные
1816.80849947161,-19.107637989939306,Смешанные
1548.4440184939526,-6.55475077606409,Смешанные
2512.708770189472,-21.469512668058517,Смешанные
922.3949646123027,-48.480647015158155,Смешанные
1685.2502085817182,-3.45256522465111,Смешанные
722.7072895348381,-15.523662448421945,Импульсные
1637.3212839882526,-16.17433071113767,Смешанные
812.6065513636747,-39.21624238011414,Смешанные
937.6358325361439,-17.055726488367142,Импульсные
935.0524935542098,-30.306779717292077,Смешанные
1998.420604232127,-17.438351147925395,Смешанные
2192.0897585308467,-44.67034848460047,Широкополосные
1866.7375301943193,-17.1077347698482,Смешанные
2624.345096949084,-0.02931371146667061,Смешанные
1449.741159047408,-47.5893980569722,Смешанные
1271.4241725637214,-1.1412907889341355,Смешанные
2437.1982563789206,-29.654601963856468,Смешанные
1147.1916770389053,-6.462327483137045,Смешанные
2626.445078881223,-10.880725797086328,Смешанные
724.3089493796327,-21.64918695066661,Смешанные
2639.757653415278,-13.077539537433672,Смешанные
786.3198239011522,-6.074221934932602,Импульсные
2482.286227396142,-29.79298391744835,Смешанные
1755.4022181725998,-33.64834192183807,Смешанные
2685.929592238601,-16.620330721820764,Смешанные
847.5931294707977,-9.60770290293707,Импульсные
1807.7085688026416,-11.88574326116921,Смешанные
2638.605071238198,-10.109317557068273,Смешанные
1746.1956883402977,-28.22083425935335,Смешанные
1958.7972762705251,-9.108289191248922,Смешанные
2091.4973779692345,-43.98954723146958,Широкополосные
1609.0821295355463,-22.775545101957523,Смешанные
1955.116160168127,-49.71206697509392,Широкополосные
1868.6286238462005,-33.77070850498649,Смешанные
2502.316020981978,-31.676923256430108,Смешанные
790.8927606829158,-30.19136541953723,Смешанные
1261.9263791844605,-15.226639665506895,Смешанные
2600.8229681531175,-30.572094936482713,Смешанные
2480.5275677818327,-27.56531886887347,Смешанные
1611.3135055714258,-38.12279345628363,Смешанные
1940.2651956030734,-31.337410418532997,Смешанные
1254.7623659622654,-38.636518636842425,Смешанные
1076.2423194475227,-46.340203811577815,Смешанные
1627.3968098799642,-19.827570330931106,Смешанные
1406.7044560521058,-16.589360072249185,Смешанные
1867.3122237017442,-19.025482699519277,Смешанные
855.4692739299696,-26.82529780997138,Смешанные
2648.7896153323327,-31.010710991038508,Смешанные
2672.421488959206,-6.833317521408738,Смешанные
2096.32342803949,-24.045910743189097,Смешанные
1772.1927326882408,-26.04090611851345,Смешанные
1319.0552325726555,-48.717896709678215,Смешанные
2327.590039413897,-32.93760861869218,Смешанные
2069.4623451077587,-30.990219060707147,Смешанные
1025.2338786897826,-30.058860955154977,Смешанные
2521.854368987685,-20.991381538633387,Смешанные
2345.0744858463377,-23.319872663656078,Смешанные
2599.599826583848,-19.60474536032777,Смешанные
2151.4390167767197,-11.755836922893586,Смешанные
1926.8303918715796,-9.350713064195325,Смешанные
1536.4860725812377,-14.093846188675279,Смешанные
2565.456966708027,-2.223815202253263,Смешанные
2432.1277790008166,-49.08837086618192,Широкополосные
790.4373402123788,-40.211100715822695,Смешанные
752.733948994504,-49.62185625109289,Смешанные
1452.926733756099,-17.626264292269852,Смешанные
2321.1066615636655,-5.0984725525006525,Смешанные
2674.552258629889,-37.825885171185035,Смешанные
1000.8337822070564,-3.6482727601846676,Смешанные
1888.2614307042702,-46.98663048552196,Широкополосные
1461.781713262043,-3.278198659724282,Смешанные
2639.828795629206,-32.418865638018275,Смешанные
2384.2378462714173,-44.92895857753918,Широкополосные
2376.657409422276,-25.70641204068372,Смешанные
1637.3863195899405,-37.1611716139746,Смешанные
1529.6390046753304,-35.75635490190386,Смешанные
1246.8141438614125,-34.63550175368567,Смешанные
812.7509933018542,-9.848705108366829,Импульсные
2429.4447525101064,-23.041936166237274,Смешанные
2325.802018260155,-34.434615042199816,Смешанные
2699.435346572261,-19.48331083445408,Смешанные
2693.2736741478107,-14.192466288840322,Смешанные
1810.8634112052548,-36.36879996332331,Смешанные
2237.9748303610213,-29.322544923732423,Смешанные
2589.5314597648558,-43.90569533315262,Широкополосные
2399.2947813548226,-40.94253252326598,Широкополосные
1194.6962034863952,-15.944107301750861,Смешанные
1601.088270620187,-40.928082615218656,Смешанные
958.3188303029899,-23.741830816646992,Смешанные
2608.1020545174447,-14.547686913878366,Смешанные
1912.34926890176,-44.65615384526281,Широкополосные
1157.2856110069254,-21.634389018554824,Смешанные
2043.4013688117134,-37.17186081493181,Смешанные
1936.2564809157916,-1.8536562381210118,Смешанные
1416.325436065681,-25.822717664003765,Смешанные
927.115184399258,-9.700372511242094,Импульсные
2043.1463911855992,-22.488672892186912,Смешанные
1740.6154018075865,-47.829373357259044,Смешанные
2244.6367834712787,-18.342431220298884,Смешанные
1740.3270022239867,-2.4298328896671464,Смешанные
2404.3630006370804,-19.91940899268344,Смешанные
1803.813677548971,-9.040557028660487,Смешанные
1821.8759430707726,-5.789676832579609,Смешанные
2453.3072053166898,-38.59601140255337,Смешанные
1506.9657324247942,-39.39775800458867,Смешанные
968.0304569012815,-19.450950557450415,Импульсные
757.565352626678,-29.448576509664765,Смешанные
2210.2745113472383,-8.006934856663982,Смешанные
1940.6191027069294,-4.998843830099439,Смешанные
2108.1595361984473,-32.3289310348641,Смешанные
1125.9283230178214,-38.1564720512759,Смешанные
972.7429511735395,-10.973724237806906,Импульсные
729.0893313357639,-36.259698222593194,Смешанные
1401.1751176131938,-8.869284074316077,Смешанные
1879.8353737092662,-28.81308731756186,Смешанные
1484.4880901994648,-16.622505035426478,Смешанные
1574.949844047458,-45.22323430826659,Смешанные
2508.317388987497,-18.80703376617135,Смешанные
1396.5109340466006,-27.411616063138545,Смешанные
1727.9789783196215,-20.669576841226295,Смешанные
2267.3060254822863,-41.59928961275683,Широкополосные
1493.0855646425402,-13.156312752790896,Смешанные
1944.173400455747,-6.860146122838572,Смешанные
2424.72741749349,-39.163009995461216,Смешанные
2599.041247315284,-45.21427222399191,Широкополосные
994.1469618580759,-48.81807069768318,Смешанные
2553.175250322989,-17.901424977836697,Смешанные
1684.2325861590764,-19.64529819556096,Смешанные
1216.4887765979167,-22.665129364296497,Смешанные
1618.2715124765227,-38.40264519420123,Смешанные
2660.065150570954,-30.454700204724265,Смешанные
1685.2361879857392,-20.27618324069135,Смешанные
1357.5032205750163,-25.16165705704153,Смешанные
1966.8017086334517,-0.6107239892556322,Смешанные
1180.291237556386,-43.178012372163344,Смешанные
851.7266562173279,-15.242772297620313,Импульсные
957.7594438212984,-29.784061594785392,Смешанные
956.0916779155449,-28.590019253719262,Смешанные
1003.8053870245888,-14.120111717091191,Смешанные
977.6543452988203,-15.378192433781521,Импульсные
1981.7494896064293,-0.43720031489058186,Смешанные
1063.7601687982897,-43.58028552729374,Смешанные
1391.3345666477264,-44.79451753079168,Смешанные
2493.5768198120236,-13.783059143562944,Смешанные
1647.9232805257448,-21.080654149679546,Смешанные
2035.1154770420544,-36.29196667200971,Смешанные
1044.6397424032598,-46.02903155055067,Смешанные
1084.5780376173416,-45.717087520178474,Смешанные
781.7372325329577,-5.290456266794088,Импульсные
1037.870126144329,-40.40663376406285,Смешанные
1257.1806780639172,-33.831421894223965,Смешанные
1054.0209685534937,-38.6671798886506,Смешанные
877.4050675141112,-32.25018470840314,Смешанные
941.2717422012016,-46.52880786269533,Смешанные
1621.5575360654516,-24.04701045458648,Смешанные
1112.667436811585,-46.619371820389254,Смешанные
1428.5397220961509,-9.98217460888192,Смешанные
1706.834541709714,-38.314395904478346,Смешанные
2080.7896572587306,-22.99940426977447,Смешанные
778.6242796821979,-5.996045621927088,Импульсные
2298.8207978180853,-17.45613154764029,Смешанные
1955.8007789818155,-23.352110672433234,Смешанные
863.5180638977438,-33.78331234423122,Смешанные
2447.1572482135543,-33.3499043470901,Смешанные
2541.7448010636263,-16.525652240090494,Смешанные
822.1559197097275,-0.29303193894162405,Импульсные
1253.7552962944073,-16.90804050753107,Смешанные
2312.4025595861226,-22.110829131498754,Смешанные
2196.5193807673168,-13.467474488037695,Смешанные
1069.0420387127547,-26.73971938581409,Смешанные
1118.6986466734206,-46.99288286996074,Смешанные
1440.944205582764,-21.88515920610451,Смешанные
1669.0459703820427,-2.118735774730993,Смешанные
1936.509543060592,-41.23485288211702,Широкополосные
1437.8272791395448,-15.49975545896671,Смешанные
1625.0694322662957,-39.95331556704718,Смешанные
2194.941876267513,-23.208615776345937,Смешанные
773.3664057811958,-45.16617751766402,Смешанные
1204.8738886880415,-27.481453187090743,Смешанные
2126.699171769105,-12.191833555237693,Смешанные
2490.4136753743987,-32.6214237880509,Смешанные
1723.354884231332,-16.7544137756391,Смешанные
1764.2269705306312,-10.227501960513543,Смешанные
914.3440226795522,-3.6411090260273653,Импульсные
1594.8247336469094,-38.26789590722733,Смешанные
1765.2345329100463,-30.034204209534593,Смешанные
1184.9410072694593,-42.37919933347913,Смешанные
1238.486461898762,-0.3758248920812406,Смешанные
1454.5683262092452,-3.649951603785233,Смешанные
740.1423955554527,-23.00214348597202,Смешанные
1344.1583311663567,-7.898335281178937,Смешанные
1122.8960139930894,-23.95210113639789,Смешанные
1354.9947043558293,-18.820715599862016,Смешанные
939.5242636385024,-45.543778394199165,Смешанные
2481.05456147979,-12.236478975159606,Смешанные
1887.1849071080974,-43.61432581823826,Широкополосные
2058.2046382889794,-8.696618487373584,Смешанные
2278.3424772146764,-10.898595616480705,Смешанные
1696.8843978581144,-14.562765112851181,Смешанные
873.8405761748473,-48.19198097376189,Смешанные
1774.2130836370955,-34.84358220273357,Смешанные
1873.6822360417582,-36.844371504457854,Смешанные
2190.87894836866,-31.993179626424045,Смешанные
1563.3190924593587,-45.617862661808076,Смешанные
955.1606055911275,-3.152108848446858,Импульсные
1267.551811597449,-22.309887964381186,Смешанные
1426.1645927972702,-34.723784467098824,Смешанные
1991.8344826632024,-30.150924146285828,Смешанные
1841.5566093378238,-27.639872974758216,Смешанные
1412.1934517956925,-19.970283331969135,Смешанные
2673.0304975859594,-24.216028615175112,Смешанные
1911.5496387137744,-4.0304013392791305,Смешанные
1174.453583471989,-25.151825854708488,Смешанные
903.5649452408074,-0.3920992588343637,Импульсные
1005.7182783686641,-7.428752112745215,Смешанные
1191.9154567690161,-39.57447428213321,Смешанные
1021.3627465191114,-3.470239267804189,Смешанные
1073.1340481026116,-44.181680105726194,Смешанные
1270.1903373876942,-9.127514575440422,Смешанные
1046.7471905895097,-30.968835326170996,Смешанные
2493.53084925285,-6.101283977746526,Смешанные
860.4674913232844,-6.5971654946274825,Импульсные
1749.0227791405093,-9.703729994118945,Смешанные
1520.7936539793232,-10.498478184646928,Смешанные
2664.757233817213,-34.76604304509796,Смешанные
924.0778043361047,-45.95403584743739,Смешанные
1495.7111980914833,-29.850991061741926,Смешанные
2638.9408665507376,-41.32377425067457,Широкополосные
2431.0142517879603,-15.252445554876914,Смешанные
2334.1441418985596,-32.69501367311072,Смешанные
1215.8056540898797,-1.2194899570042566,Смешанные
1041.7751747801317,-17.9513961327334,Смешанные
2037.286439848862,-8.875971818281954,Смешанные
2558.7519782551717,-43.37376636290758,Широкополосные
1813.5257860278596,-6.899275886368869,Смешанные
1843.2253789397996,-3.862140474330282,Смешанные
1259.9581873205684,-25.646904059053206,Смешанные
2238.985866383874,-19.687353112451127,Смешанные
1074.0874971150467,-11.75950995485023,Смешанные
1347.3584728084875,-41.258068636979374,Смешанные
1550.8728772328336,-24.87169617682788,Смешанные
1715.2207573689102,-30.066848611384344,Смешанные
1184.8194648301605,-42.68130039188755,Смешанные
929.673649478407,-31.623278885423428,Смешанные
1921.2400848832651,-46.59138453072532,Широкополосные
1277.2611064805114,-48.70940465252565,Смешанные
1862.4764428452245,-43.241685542258864,Широкополосные
1008.7254305484046,-1.8442444205413082,Смешанные
1662.2802037096349,-22.523523205249152,Смешанные
1765.1788651031718,-1.708891942339001,Смешанные
803.6470736448538,-28.3751060834934,Смешанные
1373.2085563878413,-34.40919334573702,Смешанные
968.8293538779485,-24.692906857987794,Смешанные
826.7499409455355,-28.024415568354495,Смешанные
2679.9204647798906,-44.7167657869128,Широкополосные
1344.707689949446,-17.958684265489687,Смешанные
2319.7488917092696,-39.19809087452002,Смешанные
1209.2813095275278,-19.02060225510852,Смешанные
2063.0054444478583,-17.48994538009233,Смешанные
2220.455719779373,-42.398757343567596,Широкополосные
1891.2774812156886,-46.93251864446659,Широкополосные
1643.1523771003167,-10.961920696578012,Смешанные
1523.681828294537,-27.00997881153399,Смешанные
1397.7365330859907,-47.09181022472621,Смешанные
2559.0582884956516,-0.25668414151164143,Смешанные
2361.2388155754584,-47.11097195018167,Широкополосные
2630.053821333025,-15.24823855707234,Смешанные
948.5944469710895,-0.8160537368293177,Импульсные
2161.7349504072886,-38.04099478920372,Смешанные
2576.6809136420757,-42.88753156564019,Широкополосные
1062.4661323313203,-43.930753028878556,Смешанные
832.992534733555,-34.83624262162022,Смешанные
2182.2412985801184,-44.947709449467666,Широкополосные
1848.9462263598239,-15.391932915293403,Смешанные
2383.657553516544,-46.885410093496866,Широкополосные
979.544753252579,-24.528893592510514,Смешанные
2290.5346237197805,-0.16515730735115852,Смешанные
1103.254640095489,-9.301486524699058,Смешанные
1027.311885731409,-19.239028088449455,Смешанные
1028.5315958619858,-34.687318960669415,Смешанные
2329.1494404627642,-18.805208185418078,Смешанные
2030.3944413924003,-23.64792680441742,Смешанные
1746.1308495382386,-28.695830805481425,Смешанные
1417.660968247005,-43.464481162990026,Смешанные
2454.4010816262166,-5.669789237976666,Смешанные
1484.8902148452707,-27.510767558933875,Смешанные
2333.1988789431543,-40.26887440896175,Широкополосные
1578.2698171404368,-31.61203245613552,Смешанные
1453.8888588498153,-29.29351237355365,Смешанные
1625.3595713392128,-8.623105221656289,Смешанные
1302.7557483282842,-13.3192809719299,Смешанные
2195.218760352502,-11.534755317933012,Смешанные
1705.4407801849584,-49.44843677856764,Смешанные
1164.4253902936346,-29.192300091011923,Смешанные
2499.149146549137,-25.93279241823382,Смешанные
1467.782442746423,-49.04038615884716,Смешанные
1787.1057222279771,-37.00933956274829,Смешанные
2512.944221929094,-11.98550884389325,Смешанные
1948.4759918279842,-43.144514713550045,Широкополосные
933.7960814167282,-23.234493427370417,Смешанные
2579.6642472269505,-39.23990639913812,Смешанные
1955.4161061428358,-49.39396126780534,Широкополосные
1369.8112293141721,-37.93992712002293,Смешанные
978.5441453267745,-1.2063122544973126,Импульсные
2288.0503785405917,-9.923144405850522,Смешанные
1940.145511857027,-2.0211677839483286,Смешанные
1766.922183952643,-25.607297803681877,Смешанные
2487.7851661019154,-44.51319006612482,Широкополосные
2277.1944224490617,-22.602025551315354,Смешанные
1003.3497594655023,-27.281133272001956,Смешанные
1323.4441355910965,-7.782145863019203,Смешанные
1196.9782796289314,-45.09587096078777,Смешанные
2187.892585145354,-25.58794314891109,Смешанные
767.0648694715587,-42.49756676530079,Смешанные
1839.779369742633,-33.766203655497,Смешанные
2224.917371481381,-13.132146130610018,Смешанные
2453.531273523499,-26.199093531561672,Смешанные
1384.163497431815,-31.205585742711534,Смешанные
2342.5146093440258,-30.276186071498234,Смешанные
921.2634739104144,-27.02766157970067,Смешанные
2392.9045834690364,-10.749172808147158,Смешанные
954.9773246639649,-5.39576555298828,Импульсные
1494.5745811207346,-2.233265674803583,Смешанные
2294.5907315591076,-10.654830687235247,Смешанные
999.8348546975476,-34.22965521259936,Смешанные
1158.502790465283,-15.593264695672893,Смешанные
2144.5051367861324,-28.119843797230402,Смешанные
2140.0730730921487,-37.26646889769744,Смешанные
1982.2952657705946,-7.956421028703872,Смешанные
2087.8968889342,-48.07868255188375,Широкополосные
1785.4488866951924,-4.9119003932288265,Смешанные
1203.5981178139054,-26.926126768763293,Смешанные
1391.391987007839,-18.13992615958598,Смешанные
1063.1954336028514,-17.032303889710867,Смешанные
2516.9011226672565,-5.244112964673178,Смешанные
1866.783589532241,-18.166515891639634,Смешанные
1501.7028335272798,-19.30332076199691,Смешанные
1624.0116072882654,-46.6673979719655,Смешанные
2594.5666792236307,-24.079598902739797,Смешанные
1006.7028062321604,-42.49154995914792,Смешанные
1872.4596640335944,-13.12831156392572,Смешанные
1711.777357768932,-24.388903959366274,Смешанные
1922.9084708692956,-15.988611039582338,Смешанные
736.220367641681,-47.916354969880786,Смешанные
2444.247817888303,-45.76039919770984,Широкополосные
2564.2365649672247,-14.183830596865889,Смешанные
1830.2663671784178,-46.39578320006633,Широкополосные
2093.3016477537844,-46.43716361173707,Широкополосные
2544.9987623545912,-49.394576238255624,Широкополосные
2114.477268626797,-2.1749300850259914,Смешанные
1005.0780858285227,-13.124582027049655,Смешанные
1852.5767203336263,-32.33742957489679,Смешанные
1913.4300927657118,-35.17322093561724,Смешанные
1548.261342604772,-32.51483851270753,Смешанные
2172.8884712494455,-11.267323440940906,Смешанные
2568.73402953803,-16.931469446479284,Смешанные
2551.1370258135526,-40.740221606626605,Широкополосные
1601.6787428082644,-41.29453323329578,Смешанные
926.4760916815105,-45.08021751433014,Смешанные
2669.682397924669,-16.984864014933095,Смешанные
2377.796172891868,-11.781366888913205,Смешанные
949.3253624065337,-36.7476785837498,Смешанные
2541.683765234745,-48.952751948454356,Широкополосные
2439.792724124257,-45.89141662617863,Широкополосные
1737.6761142521443,-1.6069982577484794,Смешанные
1882.5508714898585,-35.22776112612899,Смешанные
1498.0054077402606,-11.538842608093319,Смешанные
809.5232776440627,-18.76682155728681,Импульсные
1370.3944832918019,-30.903018017355205,Смешанные
2305.706897196023,-39.71563689022224,Смешанные
709.2640460092057,-43.93067909202968,Смешанные
1366.9983433822883,-19.24935159805667,Смешанные
1496.3373871818867,-11.268310968110598,Смешанные
1774.7912058758457,-17.80478732294347,Смешанные
2539.7112328255207,-23.484893337542083,Смешанные
1392.6919887319225,-47.902438828418184,Смешанные
1393.9064037924554,-1.5755611202808097,Смешанные
2175.0024962194966,-10.064290417271273,Смешанные
1604.4358817796142,-35.35889816495176,Смешанные
1149.209645879964,-1.0014835320574704,Смешанные
1604.8790322653867,-19.905920518183894,Смешанные
981.7140407595997,-20.878867089637676,Смешанные
1052.7739730124467,-12.596341028523398,Смешанные
1696.7355454789595,-9.41151059549312,Смешанные
1537.8508990090959,-17.176069633424866,Смешанные
2529.6918021362,-43.59521268169,Широкополосные
1424.7877982332661,-33.08662470027508,Смешанные
1861.1767005560869,-3.595817983697515,Смешанные
1964.5285758390607,-38.769219407807405,Смешанные
726.1889131766673,-31.391648808124334,Смешанные
2027.0747440334212,-28.3961558527902,Смешанные
1056.0719337395028,-28.029750515277392,Смешанные
2622.1406349389104,-19.353020875273724,Смешанные
997.3254555062259,-2.8462081127646215,Импульсные
1529.2482474540475,-37.965364408374754,Смешанные
870.6993361572877,-43.9249311849541,Смешанные
2693.7485036918947,-40.126475507003136,Широкополосные
1704.3900206624853,-5.653754989536523,Смешанные
1890.7700346400875,-17.709459367239702,Смешанные
834.1529547768549,-35.70466053804199,Смешанные
2199.9209407983553,-9.202653051569136,Смешанные
1119.8111861911716,-6.9315001818281985,Смешанные
2496.1085788814275,-7.674283065486101,Смешанные
1110.2792809640143,-4.053673318022277,Смешанные
1081.3754413273332,-37.387948991331925,Смешанные
773.0993356961898,-12.247903562686083,Импульсные
1644.1338902199986,-26.973025136293,Смешанные
1829.6822665252328,-7.900072355496924,Смешанные
831.4172788567048,-13.575466141919343,Импульсные
2251.0552333900214,-11.177627675013767,Смешанные
1606.5776694960553,-17.191908115946426,Смешанные
1748.7805386551602,-41.12856152651466,Смешанные
1581.5254938764563,-22.748654055153082,Смешанные
1501.526121750652,-0.7665130237745927,Смешанные
1819.2806626164358,-3.130596675144055,Смешанные
1010.480491861425,-47.841313210149416,Смешанные
1063.8562609905423,-41.75925921352814,Смешанные
2423.5712420270347,-43.41356132727191,Широкополосные
2592.2309242672654,-13.701004500735223,Смешанные
1446.6186325595058,-9.110733507152744,Смешанные
1241.4893462871075,-39.324431684466404,Смешанные
1987.9990864780316,-24.70736535240855,Смешанные
1517.4683421961927,-7.964848599440003,Смешанные
750.7727113206897,-13.359922761687471,Импульсные
1012.3051947323806,-22.888139725407587,Смешанные
2131.9444576947953,-20.482615477061355,Смешанные
2017.8478838203027,-24.581972654186004,Смешанные
754.191985006967,-35.12257743405897,Смешанные
1143.944323865899,-21.748900357049195,Смешанные
1162.1495931761428,-15.55573489749547,Смешанные
2043.7854871974569,-6.333854206959614,Смешанные
739.4210755087283,-18.185432301037597,Импульсные
908.2171639691477,-11.9439231478421,Импульсные
2299.832170746379,-41.996418252271354,Широкополосные
1057.0893241086674,-26.922126279010506,Смешанные
2005.4922157037495,-49.53341900864533,Широкополосные
1176.365562093453,-37.66605677391885,Смешанные
898.8827855186903,-13.67691424434976,Импульсные
1186.3443819989081,-0.4095024325318306,Смешанные
2144.533863711318,-45.041095020639204,Широкополосные
2411.3929362125714,-29.925284206935586,Смешанные
2360.4397291339833,-9.996451565042022,Смешанные
1494.3670592369097,-39.79821826855506,Смешанные
2036.1702731412922,-22.24575253488569,Смешанные
1109.968590831642,-13.34643519851626,Смешанные
1286.2954605220266,-19.20072748699105,Смешанные
2492.6716370422396,-40.598763269229195,Широкополосные
726.0038470214721,-32.23077156571303,Смешанные
871.0170617089361,-10.81041077573014,Импульсные
1115.7725102920547,-22.28867429339917,Смешанные
753.0644077476394,-49.738519322854366,Смешанные
1062.8708701795947,-11.950461998595308,Смешанные
1866.0831219393845,-48.23443225298804,Широкополосные
1542.849101184996,-12.713310863438394,Смешанные
2485.3434221539496,-39.875971991738126,Смешанные
2334.8871234768817,-2.096325994030991,Смешанные
1383.6347033957518,-31.602962434895776,Смешанные
1218.846866862585,-33.65341918309605,Смешанные
1459.3848163345338,-42.55559748337777,Смешанные
1880.5898850296155,-34.71978922548926,Смешанные
1236.1272816457526,-6.167461908589971,Смешанные
1948.297815698268,-0.18328311863763247,Смешанные
1518.8233043824807,-31.584523474657583,Смешанные
1804.0943617039604,-27.569468452272872,Смешанные
1572.2530582706333,-13.89645308986315,Смешанные
1288.9315190838354,-5.690210976746272,Смешанные
2596.906613924313,-20.347783290660793,Смешанные
2227.211588319522,-30.423715091108534,Смешанные
980.226351532905,-29.368907957568812,Смешанные
2436.9359517958255,-15.219092675159658,Смешанные
1674.8623964990272,-49.83908681978607,Смешанные
2489.1044537881826,-19.020533127007965,Смешанные
2299.71051189463,-32.22534947793213,Смешанные
1550.4270089384668,-10.290133436145787,Смешанные
744.9386166402348,-45.35046800884339,Смешанные
1237.3547187698923,-20.589886652580475,Смешанные
1783.268429321734,-25.95135550569381,Смешанные
1966.9564396522946,-17.883723704738628,Смешанные
1215.7753708664045,-46.75732027585158,Смешанные
978.7121481456483,-21.000810628593435,Смешанные
2369.860473598598,-21.925770602023814,Смешанные
2668.8043614071044,-21.966995279191455,Смешанные
1751.3803646053716,-19.82561667017726,Смешанные
1043.358571696607,-16.17660313868189,Смешанные
1244.6146530387377,-9.750550015961515,Смешанные
736.7813530949335,-36.50896399358928,Смешанные
2528.597613120998,-8.747529490996897,Смешанные
935.5021657802822,-25.08721588682732,Смешанные
1853.0329510285071,-46.147086043283444,Широкополосные
1248.110441374412,-47.07245353780104,Смешанные
1808.3560050315868,-33.288084065196955,Смешанные
2002.8407767037284,-10.75515114442662,Смешанные
2359.483607414403,-14.615953262954214,Смешанные
1112.8425435212064,-10.56925176637968,Смешанные
721.991657316961,-24.13654717791953,Смешанные
973.7712601376145,-27.99005010222547,Смешанные
2500.03728369621,-42.627373664685805,Широкополосные
2447.7801551250304,-33.59036231953442,Смешанные
1894.8262043406166,-28.299031691306237,Смешанные
1901.0337208673068,-45.56997851601914,Широкополосные
2030.0733490925109,-38.96940236443944,Смешанные
1050.7425572468992,-20.08873529681306,Смешанные
2528.8238918499196,-13.216844288040505,Смешанные
1537.5410497841463,-0.08262443035251721,Смешанные
1466.277056498995,-3.3443334328221184,Смешанные
1737.8354105656751,-17.87174002324042,Смешанные
793.9319335501101,-28.9375973352964,Смешанные
1032.5667375121589,-18.191131764588363,Смешанные
2176.0672328527407,-10.717419095988404,Смешанные
865.5973358502529,-44.08319045383063,Смешанные
1906.3042189327764,-29.504755515185586,Смешанные
1190.6982193626418,-8.009885718219138,Смешанные
1478.591228083953,-30.8083524033478,Смешанные
1277.3874735413997,-21.406386438640673,Смешанные
1411.3454329298984,-20.61153195689009,Смешанные
2138.0918103684908,-40.77618734331803,Широкополосные
1294.2434312463502,-31.88822791738558,Смешанные
1832.8092805937945,-33.27443556290339,Смешанные
1652.1008043981992,-48.69016457339676,Смешанные
2027.3423307252963,-48.790411805432235,Широкополосные
2573.659478649516,-8.415147816211324,Смешанные
2165.1441944205008,-36.34645950135938,Смешанные
1129.8807571815134,-24.09606168805923,Смешанные
762.3662701225694,-35.06372132056135,Смешанные
1224.5280885996501,-2.9660377442329775,Смешанные
1890.1558614005096,-37.035162056711314,Смешанные
802.8516269685007,-28.517159363053246,Смешанные
1692.7324944024726,-6.363487475769908,Смешанные
1893.6856978337785,-7.903321660409567,Смешанные
1368.4877816339217,-40.694929107686136,Смешанные
2241.824407491644,-9.867834510214479,Смешанные
913.1965062675436,-27.090655663105366,Смешанные
850.2755634716175,-25.85155639573224,Смешанные
2156.3775124072067,-43.32600137920281,Широкополосные
1690.982632412397,-45.96992431214377,Смешанные
2076.804792855472,-13.603034651311738,Смешанные
1569.6546772074926,-25.176942382235012,Смешанные
1192.8040664782136,-28.15746486924102,Смешанные
2338.2046353483993,-13.524588567380164,Смешанные
2298.831757937958,-11.724355050444515,Смешанные
2089.3929417088534,-42.05459161653232,Широкополосные
1244.2902744599255,-19.488742526117935,Смешанные
1880.4613337381743,-43.23229588611572,Широкополосные
1421.9477938800537,-12.431245698547713,Смешанные
883.1641466532683,-17.152242186643022,Импульсные
2534.6271509244852,-2.169268945827099,Смешанные
973.6372618379228,-46.55209918217894,Смешанные
2600.474707641605,-47.147263942437284,Широкополосные
1592.0115459159115,-35.890646265339996,Смешанные
